clue_id,pack_id,pack_name,category_set_id,content_kind,round,tier,difficulty,macro_topic,category_name_en,category_name_et,clue_en,clue_et,response_en,response_et,accepted_variants_en,accepted_variants_et,explanation_en,explanation_et,source_title,source_url,source_license,source_retrieved_at,translation_status,enabled
built-in-finals-final-0001,built-in-finals,Finals Pack,built-in-finals-final-set-0001,final,final,0,easy,history,Cities Under Ash,,"Buried by Mount Vesuvius in AD 79, this Roman city was preserved beneath volcanic material.",,Pompeii,,,,The eruption of Vesuvius buried Pompeii in AD 79 and preserved much of the city.,,Pompeii — Wikipedia permanent revision 1366729228,https://en.wikipedia.org/w/index.php?title=Pompeii&oldid=1366729228,CC-BY-SA-4.0,2026-08-25,untranslated,true
built-in-finals-final-0002,built-in-finals,Finals Pack,built-in-finals-final-set-0002,final,final,0,easy,history,Charters and Kings,,King John sealed this 1215 charter at Runnymede after pressure from rebellious barons.,,Magna Carta,,The Great Charter,,Magna Carta was sealed by King John at Runnymede in 1215.,,Magna Carta — Wikipedia permanent revision 1368452958,https://en.wikipedia.org/w/index.php?title=Magna_Carta&oldid=1368452958,CC-BY-SA-4.0,2026-08-25,untranslated,true
built-in-finals-final-0003,built-in-finals,Finals Pack,built-in-finals-final-set-0003,final,final,0,easy,history,Cold War Barriers,,"Opened in November 1989, this barrier had divided East and West Berlin since 1961.",,The Berlin Wall,,Berlin Wall,,The Berlin Wall divided the city from 1961 until its opening in November 1989.,,Berlin Wall — Wikipedia permanent revision 1370479218,https://en.wikipedia.org/w/index.php?title=Berlin_Wall&oldid=1370479218,CC-BY-SA-4.0,2026-08-25,untranslated,true
built-in-finals-final-0004,built-in-finals,Finals Pack,built-in-finals-final-set-0004,final,final,0,easy,history,Scripts in Stone,,A decree written in Greek and two forms of Egyptian on this artifact helped scholars decipher hieroglyphs.,,The Rosetta Stone,,Rosetta Stone,,"The Rosetta Stone carries the same decree in Greek, Demotic, and hieroglyphic scripts.",,Rosetta Stone — Wikipedia permanent revision 1370483867,https://en.wikipedia.org/w/index.php?title=Rosetta_Stone&oldid=1370483867,CC-BY-SA-4.0,2026-08-25,untranslated,true
built-in-finals-final-0005,built-in-finals,Finals Pack,built-in-finals-final-set-0005,final,final,0,easy,history,Routes Across Eurasia,,This network of Eurasian trade routes linked East and West for centuries and took its modern name from a prized textile.,,The Silk Road,,Silk Routes,,The Silk Road was a network of trade routes connecting East and West.,,Silk Road — Wikipedia permanent revision 1370211457,https://en.wikipedia.org/w/index.php?title=Silk_Road&oldid=1370211457,CC-BY-SA-4.0,2026-08-25,untranslated,true
built-in-finals-final-0006,built-in-finals,Finals Pack,built-in-finals-final-set-0006,final,final,0,medium,history,Royal Toleration,,Henry IV issued this 1598 decree granting substantial rights to French Protestants.,,The Edict of Nantes,,Edict of Nantes,,The Edict of Nantes was issued by Henry IV in 1598 for the Huguenots.,,Edict of Nantes — Wikipedia permanent revision 1351234621,https://en.wikipedia.org/w/index.php?title=Edict_of_Nantes&oldid=1351234621,CC-BY-SA-4.0,2026-08-25,untranslated,true
built-in-finals-final-0007,built-in-finals,Finals Pack,built-in-finals-final-set-0007,final,final,0,medium,history,Imperial Restorations,,"Beginning in 1868, this political transformation restored practical imperial rule in Japan.",,The Meiji Restoration,,Meiji Restoration,,The Meiji Restoration restored imperial rule in Japan in 1868.,,Meiji Restoration — Wikipedia permanent revision 1368931307,https://en.wikipedia.org/w/index.php?title=Meiji_Restoration&oldid=1368931307,CC-BY-SA-4.0,2026-08-25,untranslated,true
built-in-finals-final-0008,built-in-finals,Finals Pack,built-in-finals-final-set-0008,final,final,0,medium,history,Revolutions of Enslaved People,,This 1791–1804 uprising overthrew French colonial rule and created an independent Caribbean state.,,The Haitian Revolution,,Haitian Revolution,,The Haitian Revolution ended French colonial rule and created independent Haiti.,,Haitian Revolution — Wikipedia permanent revision 1370881344,https://en.wikipedia.org/w/index.php?title=Haitian_Revolution&oldid=1370881344,CC-BY-SA-4.0,2026-08-25,untranslated,true
built-in-finals-final-0009,built-in-finals,Finals Pack,built-in-finals-final-set-0009,final,final,0,medium,history,Lines Across the Atlantic,,Spain and Portugal signed this 1494 agreement dividing newly encountered lands outside Europe between them.,,The Treaty of Tordesillas,,Treaty of Tordesillas,,The Treaty of Tordesillas divided overseas spheres between Spain and Portugal in 1494.,,Treaty of Tordesillas — Wikipedia permanent revision 1370339829,https://en.wikipedia.org/w/index.php?title=Treaty_of_Tordesillas&oldid=1370339829,CC-BY-SA-4.0,2026-08-25,untranslated,true
built-in-finals-final-0010,built-in-finals,Finals Pack,built-in-finals-final-set-0010,final,final,0,hard,history,Windows into War,,The 1618 episode of throwing officials from a castle window helped ignite the Thirty Years’ War.,,The Defenestration of Prague,,Defenestrations of Prague;Prague Defenestration,,The 1618 Defenestration of Prague helped trigger the Thirty Years’ War.,,Defenestrations of Prague — Wikipedia permanent revision 1368809609,https://en.wikipedia.org/w/index.php?title=Defenestrations_of_Prague&oldid=1368809609,CC-BY-SA-4.0,2026-08-25,untranslated,true
built-in-finals-final-0011,built-in-finals,Finals Pack,built-in-finals-final-set-0011,final,final,0,hard,history,Heavenly Kingdoms,,Hong Xiuquan led this vast nineteenth-century revolt against China’s Qing dynasty.,,The Taiping Rebellion,,Taiping Civil War,,The Taiping Rebellion was led by Hong Xiuquan against the Qing dynasty.,,Taiping Rebellion — Wikipedia permanent revision 1370759826,https://en.wikipedia.org/w/index.php?title=Taiping_Rebellion&oldid=1370759826,CC-BY-SA-4.0,2026-08-25,untranslated,true
built-in-finals-final-0012,built-in-finals,Finals Pack,built-in-finals-final-set-0012,final,final,0,hard,history,Intercepted Diplomacy,,In 1917 Germany sent this coded proposal inviting Mexico into an alliance against the United States.,,The Zimmermann Telegram,,Zimmermann Note,,The Zimmermann Telegram proposed a German-Mexican alliance during World War I.,,Zimmermann telegram — Wikipedia permanent revision 1361311634,https://en.wikipedia.org/w/index.php?title=Zimmermann_telegram&oldid=1361311634,CC-BY-SA-4.0,2026-08-25,untranslated,true
built-in-finals-final-0013,built-in-finals,Finals Pack,built-in-finals-final-set-0013,final,final,0,hard,history,Mountainside Decipherments,,"Old Persian, Elamite, and Babylonian versions on this Iranian monument helped unlock cuneiform.",,The Behistun Inscription,,Bisotun Inscription;Bisitun Inscription,,The multilingual Behistun Inscription was crucial to deciphering cuneiform.,,Behistun inscription — Wikipedia permanent revision 1370387682,https://en.wikipedia.org/w/index.php?title=Behistun_inscription&oldid=1370387682,CC-BY-SA-4.0,2026-08-25,untranslated,true
built-in-finals-final-0014,built-in-finals,Finals Pack,built-in-finals-final-set-0014,final,final,0,easy,geography,Rivers to the Mediterranean,,The White and Blue branches of this African river meet at Khartoum before flowing north.,,The Nile,,Nile River,,The White Nile and Blue Nile join at Khartoum to form the Nile.,,Nile — Wikipedia permanent revision 1368885921,https://en.wikipedia.org/w/index.php?title=Nile&oldid=1368885921,CC-BY-SA-4.0,2026-08-25,untranslated,true
built-in-finals-final-0015,built-in-finals,Finals Pack,built-in-finals-final-set-0015,final,final,0,easy,geography,Earth’s Highest Summit,,"In the joint 2020 Nepal-China announcement, which Himalayan peak was measured as Earth’s highest point above sea level?",,Mount Everest,,Everest;Sagarmatha;Chomolungma,,"Nepal and China announced a height of 8,848.86 metres for Mount Everest in 2020.",,Mount Everest — Wikipedia permanent revision 1371041797,https://en.wikipedia.org/w/index.php?title=Mount_Everest&oldid=1371041797,CC-BY-SA-4.0,2026-08-25,untranslated,true
built-in-finals-final-0016,built-in-finals,Finals Pack,built-in-finals-final-set-0016,final,final,0,easy,geography,Large Islands of Africa,,"Greenland, New Guinea, and Borneo are the only islands with more area than this island country east of Mozambique.",,Madagascar,,Republic of Madagascar,,"Madagascar covers about 587,000 square kilometres.",,Madagascar — Wikipedia permanent revision 1370649721,https://en.wikipedia.org/w/index.php?title=Madagascar&oldid=1370649721,CC-BY-SA-4.0,2026-08-25,untranslated,true
built-in-finals-final-0017,built-in-finals,Finals Pack,built-in-finals-final-set-0017,final,final,0,easy,geography,Cities on Two Continents,,The Bosporus divides this Turkish metropolis between Europe and Asia.,,Istanbul,,Constantinople;Byzantium,,Istanbul spans Europe and Asia across the Bosporus.,,Istanbul — Wikipedia permanent revision 1370867842,https://en.wikipedia.org/w/index.php?title=Istanbul&oldid=1370867842,CC-BY-SA-4.0,2026-08-25,untranslated,true
built-in-finals-final-0018,built-in-finals,Finals Pack,built-in-finals-final-set-0018,final,final,0,easy,geography,Coral Coasts,,"Stretching along Queensland, this reef system contains thousands of individual reefs and hundreds of islands.",,The Great Barrier Reef,,Great Barrier Reef,,"The Great Barrier Reef lies off Queensland and extends for more than 2,300 kilometres.",,Great Barrier Reef — Wikipedia permanent revision 1369615077,https://en.wikipedia.org/w/index.php?title=Great_Barrier_Reef&oldid=1369615077,CC-BY-SA-4.0,2026-08-25,untranslated,true
built-in-finals-final-0019,built-in-finals,Finals Pack,built-in-finals-final-set-0019,final,final,0,medium,geography,Deep Fresh Water,,"Reaching 1,642 metres in Siberia, this lake holds about one-fifth of Earth’s unfrozen surface fresh water.",,Lake Baikal,,Baikal,,"Lake Baikal reaches 1,642 metres and contains about 20 percent of unfrozen surface fresh water.",,Lake Baikal — Wikipedia permanent revision 1369917146,https://en.wikipedia.org/w/index.php?title=Lake_Baikal&oldid=1369917146,CC-BY-SA-4.0,2026-08-25,untranslated,true
built-in-finals-final-0020,built-in-finals,Finals Pack,built-in-finals-final-set-0020,final,final,0,medium,geography,Asian Shipping Straits,,This narrow sea lane lies between the Malay Peninsula and Sumatra.,,The Strait of Malacca,,Malacca Strait,,The Strait of Malacca separates the Malay Peninsula from Sumatra.,,Strait of Malacca — Wikipedia permanent revision 1366875529,https://en.wikipedia.org/w/index.php?title=Strait_of_Malacca&oldid=1366875529,CC-BY-SA-4.0,2026-08-25,untranslated,true
built-in-finals-final-0021,built-in-finals,Finals Pack,built-in-finals-final-set-0021,final,final,0,medium,geography,Hyperarid Landscapes,,"Mostly in northern Chile, this plateau is commonly described as the driest non-polar desert.",,The Atacama Desert,,Atacama,,The Atacama Desert in northern Chile is exceptionally dry.,,Atacama Desert — Wikipedia permanent revision 1369111764,https://en.wikipedia.org/w/index.php?title=Atacama_Desert&oldid=1369111764,CC-BY-SA-4.0,2026-08-25,untranslated,true
built-in-finals-final-0022,built-in-finals,Finals Pack,built-in-finals-final-set-0022,final,final,0,medium,geography,Rivers Through Capitals,,"Rising in Germany’s Black Forest, this river flows through Vienna, Bratislava, Budapest, and Belgrade.",,The Danube,,Danube River,,The Danube crosses several European capitals on its way to the Black Sea.,,Danube — Wikipedia permanent revision 1370139182,https://en.wikipedia.org/w/index.php?title=Danube&oldid=1370139182,CC-BY-SA-4.0,2026-08-25,untranslated,true
built-in-finals-final-0023,built-in-finals,Finals Pack,built-in-finals-final-set-0023,final,final,0,hard,geography,Seas Without Shores,,Ocean currents rather than land boundaries define this North Atlantic sea named for floating algae.,,The Sargasso Sea,,Sargasso,,The Sargasso Sea is bounded by ocean currents and named for Sargassum.,,Sargasso Sea — Wikipedia permanent revision 1369557175,https://en.wikipedia.org/w/index.php?title=Sargasso_Sea&oldid=1369557175,CC-BY-SA-4.0,2026-08-25,untranslated,true
built-in-finals-final-0024,built-in-finals,Finals Pack,built-in-finals-final-set-0024,final,final,0,hard,geography,Deltas in the Desert,,This Botswana wetland is an inland delta whose river does not reach an ocean.,,The Okavango Delta,,Okavango,,The Okavango Delta is an inland delta in Botswana.,,Okavango Delta — Wikipedia permanent revision 1368790840,https://en.wikipedia.org/w/index.php?title=Okavango_Delta&oldid=1368790840,CC-BY-SA-4.0,2026-08-25,untranslated,true
built-in-finals-final-0025,built-in-finals,Finals Pack,built-in-finals-final-set-0025,final,final,0,hard,geography,Highway Gaps,,Roadless jungle between Panama and Colombia interrupts the Pan-American Highway here.,,The Darién Gap,,Darien Gap,,The Darién Gap is the break in the Pan-American Highway between Panama and Colombia.,,Darién Gap — Wikipedia permanent revision 1370109600,https://en.wikipedia.org/w/index.php?title=Dari%C3%A9n_Gap&oldid=1370109600,CC-BY-SA-4.0,2026-08-25,untranslated,true
built-in-finals-final-0026,built-in-finals,Finals Pack,built-in-finals-final-set-0026,final,final,0,hard,geography,Unclimbed Summits,,"No confirmed ascent has been recorded for this 7,570-metre peak in Bhutan.",,Gangkhar Puensum,,Gangkar Punsum;Kangkar Pünzum,,"Gangkhar Puensum is a 7,570-metre mountain on Bhutan’s northern border.",,Gangkhar Puensum — Wikipedia permanent revision 1369138373,https://en.wikipedia.org/w/index.php?title=Gangkhar_Puensum&oldid=1369138373,CC-BY-SA-4.0,2026-08-25,untranslated,true
built-in-finals-final-0027,built-in-finals,Finals Pack,built-in-finals-final-set-0027,final,final,0,easy,science-nature,Molecules of Heredity,,"A double helix of nucleotides, this molecule carries genetic information in living organisms.",,DNA,,Deoxyribonucleic acid,,DNA is the double-helical molecule that carries genetic information.,,DNA — Wikipedia permanent revision 1369612884,https://en.wikipedia.org/w/index.php?title=DNA&oldid=1369612884,CC-BY-SA-4.0,2026-08-25,untranslated,true
built-in-finals-final-0028,built-in-finals,Finals Pack,built-in-finals-final-set-0028,final,final,0,easy,science-nature,Making Sugar from Light,,Plants use light energy in this process to convert carbon dioxide and water into sugars.,,Photosynthesis,,,,"Photosynthesis converts light, carbon dioxide, and water into chemical energy.",,Photosynthesis — Wikipedia permanent revision 1371084771,https://en.wikipedia.org/w/index.php?title=Photosynthesis&oldid=1371084771,CC-BY-SA-4.0,2026-08-25,untranslated,true
built-in-finals-final-0029,built-in-finals,Finals Pack,built-in-finals-final-set-0029,final,final,0,easy,science-nature,Storms on Giant Planets,,"Observed on Jupiter, this enormous persistent feature is an anticyclonic storm.",,The Great Red Spot,,Great Red Spot,,The Great Red Spot is a long-lived anticyclonic storm on Jupiter.,,Great Red Spot — Wikipedia permanent revision 1368140917,https://en.wikipedia.org/w/index.php?title=Great_Red_Spot&oldid=1368140917,CC-BY-SA-4.0,2026-08-25,untranslated,true
built-in-finals-final-0030,built-in-finals,Finals Pack,built-in-finals-final-set-0030,final,final,0,easy,science-nature,Ocean Giants,,"Reaching lengths near 30 metres and masses above 150 tonnes, which baleen whale is this?",,The blue whale,,Blue whale,,Blue whales can reach roughly 30 metres and more than 150 tonnes.,,Blue whale — Wikipedia permanent revision 1369279472,https://en.wikipedia.org/w/index.php?title=Blue_whale&oldid=1369279472,CC-BY-SA-4.0,2026-08-25,untranslated,true
built-in-finals-final-0031,built-in-finals,Finals Pack,built-in-finals-final-set-0031,final,final,0,medium,science-nature,Bacterial Gene Editing,,"Adapted from a bacterial defense system, this technology uses guide RNA and nucleases for targeted genome editing.",,CRISPR,,CRISPR-Cas9,,CRISPR systems originated as adaptive immunity in bacteria and were adapted for gene editing.,,CRISPR — Wikipedia permanent revision 1369215477,https://en.wikipedia.org/w/index.php?title=CRISPR&oldid=1369215477,CC-BY-SA-4.0,2026-08-25,untranslated,true
built-in-finals-final-0032,built-in-finals,Finals Pack,built-in-finals-final-set-0032,final,final,0,medium,science-nature,Limits of White Dwarfs,,"Named for an Indian astrophysicist, this mass threshold is about 1.4 times the Sun’s mass.",,The Chandrasekhar limit,,Chandrasekhar mass limit,,The Chandrasekhar limit is the maximum stable mass of a white dwarf.,,Chandrasekhar limit — Wikipedia permanent revision 1364745882,https://en.wikipedia.org/w/index.php?title=Chandrasekhar_limit&oldid=1364745882,CC-BY-SA-4.0,2026-08-25,untranslated,true
built-in-finals-final-0033,built-in-finals,Finals Pack,built-in-finals-final-set-0033,final,final,0,medium,science-nature,Microscopic Survivors,,This eight-legged micro-animal can enter cryptobiosis to endure extreme conditions.,,A tardigrade,,Tardigrades;Water bear;Moss piglet,,Tardigrades can survive harsh conditions by entering cryptobiosis.,,Tardigrade — Wikipedia permanent revision 1370671354,https://en.wikipedia.org/w/index.php?title=Tardigrade&oldid=1370671354,CC-BY-SA-4.0,2026-08-25,untranslated,true
built-in-finals-final-0034,built-in-finals,Finals Pack,built-in-finals-final-set-0034,final,final,0,medium,science-nature,A Moving Lithosphere,,This theory explains how rigid sections of Earth’s lithosphere move over the asthenosphere.,,Plate tectonics,,Plate tectonic theory,,Plate tectonics describes the motion of lithospheric plates.,,Plate tectonics — Wikipedia permanent revision 1370550624,https://en.wikipedia.org/w/index.php?title=Plate_tectonics&oldid=1370550624,CC-BY-SA-4.0,2026-08-25,untranslated,true
built-in-finals-final-0035,built-in-finals,Finals Pack,built-in-finals-final-set-0035,final,final,0,medium,science-nature,Industrial Ammonia,,"This process combines nitrogen and hydrogen under pressure, typically using an iron catalyst.",,The Haber process,,Haber–Bosch process;Haber-Bosch process,,The Haber process synthesizes ammonia from nitrogen and hydrogen.,,Haber process — Wikipedia permanent revision 1369236230,https://en.wikipedia.org/w/index.php?title=Haber_process&oldid=1369236230,CC-BY-SA-4.0,2026-08-25,untranslated,true
built-in-finals-final-0036,built-in-finals,Finals Pack,built-in-finals-final-set-0036,final,final,0,hard,science-nature,Balance Points in Space,,"At one of these five locations, the gravitational forces of two orbiting bodies and orbital motion balance.",,A Lagrange point,,Lagrangian point;Libration point,,Lagrange points are equilibrium locations in a two-body orbital system.,,Lagrange point — Wikipedia permanent revision 1369974731,https://en.wikipedia.org/w/index.php?title=Lagrange_point&oldid=1369974731,CC-BY-SA-4.0,2026-08-25,untranslated,true
built-in-finals-final-0037,built-in-finals,Finals Pack,built-in-finals-final-set-0037,final,final,0,hard,science-nature,Natural Nuclear Reactors,,Uranium deposits at this site in Gabon sustained natural fission reactions about two billion years ago.,,Oklo,,Oklo reactors,,Oklo in Gabon contains evidence of ancient natural nuclear fission reactors.,,Oklo — Wikipedia permanent revision 1348631550,https://en.wikipedia.org/w/index.php?title=Oklo&oldid=1348631550,CC-BY-SA-4.0,2026-08-25,untranslated,true
built-in-finals-final-0038,built-in-finals,Finals Pack,built-in-finals-final-set-0038,final,final,0,hard,science-nature,Rules for Fermions,,This quantum rule says no two identical fermions can occupy the same quantum state simultaneously.,,The Pauli exclusion principle,,Pauli principle,,The Pauli exclusion principle restricts identical fermions from sharing a quantum state.,,Pauli exclusion principle — Wikipedia permanent revision 1369278638,https://en.wikipedia.org/w/index.php?title=Pauli_exclusion_principle&oldid=1369278638,CC-BY-SA-4.0,2026-08-25,untranslated,true
built-in-finals-final-0039,built-in-finals,Finals Pack,built-in-finals-final-set-0039,final,final,0,hard,science-nature,Iridium at a Boundary,,An iridium-rich layer marks this geological boundary associated with the asteroid-driven mass extinction.,,The Cretaceous–Paleogene boundary,,K–Pg boundary;K-Pg boundary;Cretaceous-Tertiary boundary;K-T boundary,,The K–Pg boundary records the mass extinction linked to the Chicxulub impact.,,Cretaceous–Paleogene boundary — Wikipedia permanent revision 1368334651,https://en.wikipedia.org/w/index.php?title=Cretaceous%E2%80%93Paleogene_boundary&oldid=1368334651,CC-BY-SA-4.0,2026-08-25,untranslated,true
built-in-finals-final-0040,built-in-finals,Finals Pack,built-in-finals-final-set-0040,final,final,0,easy,literature-language,Tilting at Windmills,,Cervantes’ knight mistakes windmills for giants in this Spanish novel.,,Don Quixote,,The Ingenious Gentleman Don Quixote of La Mancha,,Don Quixote attacks windmills he imagines to be giants.,,Don Quixote — Wikipedia permanent revision 1369823512,https://en.wikipedia.org/w/index.php?title=Don_Quixote&oldid=1369823512,CC-BY-SA-4.0,2026-08-25,untranslated,true
built-in-finals-final-0041,built-in-finals,Finals Pack,built-in-finals-final-set-0041,final,final,0,easy,literature-language,A Modern Prometheus,,Mary Shelley’s 1818 novel bears this subtitle and follows Victor’s disastrous creation.,,Frankenstein,,"Frankenstein; or, The Modern Prometheus",,Mary Shelley published Frankenstein in 1818 with the subtitle The Modern Prometheus.,,Frankenstein — Wikipedia permanent revision 1370919341,https://en.wikipedia.org/w/index.php?title=Frankenstein&oldid=1370919341,CC-BY-SA-4.0,2026-08-25,untranslated,true
built-in-finals-final-0042,built-in-finals,Finals Pack,built-in-finals-final-set-0042,final,final,0,easy,literature-language,Monsters in Old English,,Grendel and a dragon confront the Geatish hero of this Old English epic.,,Beowulf,,,,Beowulf is an Old English epic about a Geatish hero who fights Grendel and a dragon.,,Beowulf — Wikipedia permanent revision 1367172155,https://en.wikipedia.org/w/index.php?title=Beowulf&oldid=1367172155,CC-BY-SA-4.0,2026-08-25,untranslated,true
built-in-finals-final-0043,built-in-finals,Finals Pack,built-in-finals-final-set-0043,final,final,0,easy,literature-language,Asteroid B-612,,A pilot meets the title visitor from asteroid B-612 in this novella by Antoine de Saint-Exupéry.,,The Little Prince,,Le Petit Prince,,The Little Prince comes from asteroid B-612 in Saint-Exupéry’s novella.,,The Little Prince — Wikipedia permanent revision 1370814168,https://en.wikipedia.org/w/index.php?title=The_Little_Prince&oldid=1370814168,CC-BY-SA-4.0,2026-08-25,untranslated,true
built-in-finals-final-0044,built-in-finals,Finals Pack,built-in-finals-final-set-0044,final,final,0,medium,literature-language,The Buendía Family,,Seven generations of the Buendía family inhabit Macondo in this Gabriel García Márquez novel.,,One Hundred Years of Solitude,,Cien años de soledad,,One Hundred Years of Solitude chronicles the Buendía family in Macondo.,,One Hundred Years of Solitude — Wikipedia permanent revision 1371043130,https://en.wikipedia.org/w/index.php?title=One_Hundred_Years_of_Solitude&oldid=1371043130,CC-BY-SA-4.0,2026-08-25,untranslated,true
built-in-finals-final-0045,built-in-finals,Finals Pack,built-in-finals-final-set-0045,final,final,0,medium,literature-language,April Is the Cruellest Month,,Which 1922 modernist poem by T. S. Eliot opens by calling April the cruellest month?,,The Waste Land,,Waste Land,,The Waste Land is T. S. Eliot’s 1922 modernist poem.,,The Waste Land — Wikipedia permanent revision 1370519439,https://en.wikipedia.org/w/index.php?title=The_Waste_Land&oldid=1370519439,CC-BY-SA-4.0,2026-08-25,untranslated,true
built-in-finals-final-0046,built-in-finals,Finals Pack,built-in-finals-final-set-0046,final,final,0,medium,literature-language,Germanic Sound Shifts,,This linguistic law describes systematic consonant changes from Proto-Indo-European to Proto-Germanic.,,Grimm’s law,,Grimm's law,,Grimm’s law describes consonant shifts in the development of Proto-Germanic.,,Grimm's law — Wikipedia permanent revision 1366443023,https://en.wikipedia.org/w/index.php?title=Grimm's_law&oldid=1366443023,CC-BY-SA-4.0,2026-08-25,untranslated,true
built-in-finals-final-0047,built-in-finals,Finals Pack,built-in-finals-final-set-0047,final,final,0,medium,literature-language,Bronze Age Greek Records,,Michael Ventris showed that this Bronze Age script recorded an early form of Greek.,,Linear B,,,,Michael Ventris deciphered Linear B as Mycenaean Greek.,,Linear B — Wikipedia permanent revision 1363662012,https://en.wikipedia.org/w/index.php?title=Linear_B&oldid=1363662012,CC-BY-SA-4.0,2026-08-25,untranslated,true
built-in-finals-final-0048,built-in-finals,Finals Pack,built-in-finals-final-set-0048,final,final,0,medium,literature-language,A Heian Court Narrative,,Murasaki Shikibu wrote this Japanese court narrative often called the world’s first novel.,,The Tale of Genji,,Genji Monogatari,,The Tale of Genji was written by Murasaki Shikibu in Heian Japan.,,The Tale of Genji — Wikipedia permanent revision 1369376385,https://en.wikipedia.org/w/index.php?title=The_Tale_of_Genji&oldid=1369376385,CC-BY-SA-4.0,2026-08-25,untranslated,true
built-in-finals-final-0049,built-in-finals,Finals Pack,built-in-finals-final-set-0049,final,final,0,hard,literature-language,Writing Under Constraint,,Raymond Queneau and François Le Lionnais founded this French workshop devoted to constrained literature.,,Oulipo,,Ouvroir de littérature potentielle,,Oulipo is a French group exploring constrained writing techniques.,,Oulipo — Wikipedia permanent revision 1366322198,https://en.wikipedia.org/w/index.php?title=Oulipo&oldid=1366322198,CC-BY-SA-4.0,2026-08-25,untranslated,true
built-in-finals-final-0050,built-in-finals,Finals Pack,built-in-finals-final-set-0050,final,final,0,hard,literature-language,A King of Uruk,,A Mesopotamian king seeks immortality after the death of Enkidu in this ancient epic.,,The Epic of Gilgamesh,,Gilgamesh Epic,,The Epic of Gilgamesh follows the king of Uruk after Enkidu’s death.,,Epic of Gilgamesh — Wikipedia permanent revision 1367046689,https://en.wikipedia.org/w/index.php?title=Epic_of_Gilgamesh&oldid=1367046689,CC-BY-SA-4.0,2026-08-25,untranslated,true
built-in-finals-final-0051,built-in-finals,Finals Pack,built-in-finals-final-set-0051,final,final,0,hard,literature-language,Vowels in Transition,,This series of pronunciation changes transformed English long vowels between the late Middle Ages and early modern period.,,The Great Vowel Shift,,Great Vowel Shift,,The Great Vowel Shift changed the pronunciation of English long vowels.,,Great Vowel Shift — Wikipedia permanent revision 1367914915,https://en.wikipedia.org/w/index.php?title=Great_Vowel_Shift&oldid=1367914915,CC-BY-SA-4.0,2026-08-25,untranslated,true
built-in-finals-final-0052,built-in-finals,Finals Pack,built-in-finals-final-set-0052,final,final,0,hard,literature-language,Poets with Other Lives,,"Alberto Caeiro, Ricardo Reis, and Álvaro de Campos were heteronyms created by this Portuguese poet.",,Fernando Pessoa,,Pessoa,,Fernando Pessoa wrote under heteronyms with distinct biographies and styles.,,Fernando Pessoa — Wikipedia permanent revision 1371202138,https://en.wikipedia.org/w/index.php?title=Fernando_Pessoa&oldid=1371202138,CC-BY-SA-4.0,2026-08-25,untranslated,true
built-in-finals-final-0053,built-in-finals,Finals Pack,built-in-finals-final-set-0053,final,final,0,easy,art-architecture,A Smile in the Louvre,,Leonardo da Vinci painted this portrait that entered France’s royal collection and later the Louvre.,,The Mona Lisa,,La Gioconda;La Joconde,,Leonardo da Vinci’s Mona Lisa belongs to the Louvre collection.,,Mona Lisa — Wikipedia permanent revision 1370187675,https://en.wikipedia.org/w/index.php?title=Mona_Lisa&oldid=1370187675,CC-BY-SA-4.0,2026-08-25,untranslated,true
built-in-finals-final-0054,built-in-finals,Finals Pack,built-in-finals-final-set-0054,final,final,0,easy,art-architecture,Gaudí’s Unfinished Basilica,,Construction began in 1882 on this Barcelona basilica associated with Antoni Gaudí.,,The Sagrada Família,,Sagrada Familia;Basílica de la Sagrada Família,,The Sagrada Família in Barcelona is the best-known work of Antoni Gaudí.,,Sagrada Família — Wikipedia permanent revision 1371239728,https://en.wikipedia.org/w/index.php?title=Sagrada_Fam%C3%ADlia&oldid=1371239728,CC-BY-SA-4.0,2026-08-25,untranslated,true
built-in-finals-final-0055,built-in-finals,Finals Pack,built-in-finals-final-set-0055,final,final,0,easy,art-architecture,An Emperor’s Clay Army,,Thousands of life-sized figures were buried near the mausoleum of China’s first emperor in this assemblage.,,The Terracotta Army,,Terracotta Warriors,,The Terracotta Army guarded the tomb complex of Qin Shi Huang.,,Terracotta Army — Wikipedia permanent revision 1368891720,https://en.wikipedia.org/w/index.php?title=Terracotta_Army&oldid=1368891720,CC-BY-SA-4.0,2026-08-25,untranslated,true
built-in-finals-final-0056,built-in-finals,Finals Pack,built-in-finals-final-set-0056,final,final,0,easy,art-architecture,Thinking at the Gates,,Auguste Rodin first conceived this seated figure as part of The Gates of Hell.,,The Thinker,,Le Penseur,,Rodin developed The Thinker for his monumental Gates of Hell.,,The Thinker — Wikipedia permanent revision 1362396931,https://en.wikipedia.org/w/index.php?title=The_Thinker&oldid=1362396931,CC-BY-SA-4.0,2026-08-25,untranslated,true
built-in-finals-final-0057,built-in-finals,Finals Pack,built-in-finals-final-set-0057,final,final,0,medium,art-architecture,A School in Weimar,,Walter Gropius founded this influential art and design school in Weimar in 1919.,,The Bauhaus,,Staatliches Bauhaus,,The Bauhaus was founded by Walter Gropius in Weimar in 1919.,,Bauhaus — Wikipedia permanent revision 1370222154,https://en.wikipedia.org/w/index.php?title=Bauhaus&oldid=1370222154,CC-BY-SA-4.0,2026-08-25,untranslated,true
built-in-finals-final-0058,built-in-finals,Finals Pack,built-in-finals-final-set-0058,final,final,0,medium,art-architecture,A Bombed Basque Town,,Picasso made this monumental black-and-white painting after the 1937 bombing of a Basque town.,,Guernica,,Guernica by Picasso,,Picasso’s Guernica responded to the bombing of Guernica during the Spanish Civil War.,,Guernica (Picasso) — Wikipedia permanent revision 1366996908,https://en.wikipedia.org/w/index.php?title=Guernica_(Picasso)&oldid=1366996908,CC-BY-SA-4.0,2026-08-25,untranslated,true
built-in-finals-final-0059,built-in-finals,Finals Pack,built-in-finals-final-set-0059,final,final,0,medium,art-architecture,A House Over Water,,Frank Lloyd Wright designed this Pennsylvania house partly over a waterfall.,,Fallingwater,,Kaufmann Residence,,Fallingwater is Frank Lloyd Wright’s house built over a waterfall in Pennsylvania.,,Fallingwater — Wikipedia permanent revision 1364783497,https://en.wikipedia.org/w/index.php?title=Fallingwater&oldid=1364783497,CC-BY-SA-4.0,2026-08-25,untranslated,true
built-in-finals-final-0060,built-in-finals,Finals Pack,built-in-finals-final-set-0060,final,final,0,medium,art-architecture,Embroidery of 1066,,This long embroidered work narrates events leading to the Norman conquest of England.,,The Bayeux Tapestry,,Bayeux Embroidery,,The Bayeux Tapestry depicts the Norman conquest of England in 1066.,,Bayeux Tapestry — Wikipedia permanent revision 1368796099,https://en.wikipedia.org/w/index.php?title=Bayeux_Tapestry&oldid=1368796099,CC-BY-SA-4.0,2026-08-25,untranslated,true
built-in-finals-final-0061,built-in-finals,Finals Pack,built-in-finals-final-set-0061,final,final,0,hard,art-architecture,A Mirror in Bruges,,Jan van Eyck’s 1434 double portrait includes a convex mirror reflecting two additional figures.,,The Arnolfini Portrait,,Arnolfini Wedding;Portrait of Giovanni Arnolfini and his Wife,,The Arnolfini Portrait is Jan van Eyck’s 1434 painting with a convex mirror.,,Arnolfini Portrait — Wikipedia permanent revision 1361243543,https://en.wikipedia.org/w/index.php?title=Arnolfini_Portrait&oldid=1361243543,CC-BY-SA-4.0,2026-08-25,untranslated,true
built-in-finals-final-0062,built-in-finals,Finals Pack,built-in-finals-final-set-0062,final,final,0,hard,art-architecture,Modelling with Light,,This Italian term names the strong contrast of light and dark used to model three-dimensional form.,,Chiaroscuro,,,,Chiaroscuro uses contrasts between light and dark to create volume.,,Chiaroscuro — Wikipedia permanent revision 1357000630,https://en.wikipedia.org/w/index.php?title=Chiaroscuro&oldid=1357000630,CC-BY-SA-4.0,2026-08-25,untranslated,true
built-in-finals-final-0063,built-in-finals,Finals Pack,built-in-finals-final-set-0063,final,final,0,hard,art-architecture,Pictures of the Floating World,,Hokusai and Hiroshige worked in this Edo-period Japanese woodblock-print tradition.,,Ukiyo-e,,Ukiyoe,,Ukiyo-e is the Japanese woodblock-print tradition of the Edo period.,,Ukiyo-e — Wikipedia permanent revision 1364027402,https://en.wikipedia.org/w/index.php?title=Ukiyo-e&oldid=1364027402,CC-BY-SA-4.0,2026-08-25,untranslated,true
built-in-finals-final-0064,built-in-finals,Finals Pack,built-in-finals-final-set-0064,final,final,0,hard,art-architecture,A Monastery Hospital Altarpiece,,Matthias Grünewald painted the panels of this intense work for a monastery hospital.,,The Isenheim Altarpiece,,Isenheim altar,,The Isenheim Altarpiece was painted by Matthias Grünewald for the Monastery of St. Anthony.,,Isenheim Altarpiece — Wikipedia permanent revision 1368979351,https://en.wikipedia.org/w/index.php?title=Isenheim_Altarpiece&oldid=1368979351,CC-BY-SA-4.0,2026-08-25,untranslated,true
built-in-finals-final-0065,built-in-finals,Finals Pack,built-in-finals-final-set-0065,final,final,0,hard,art-architecture,Empty Tombs in Whitehall,,Edwin Lutyens designed this London war memorial whose name means an empty tomb.,,The Cenotaph,,Cenotaph in Whitehall;Whitehall Cenotaph,,The Cenotaph in Whitehall is a war memorial designed by Edwin Lutyens.,,The Cenotaph — Wikipedia permanent revision 1370656571,https://en.wikipedia.org/w/index.php?title=The_Cenotaph&oldid=1370656571,CC-BY-SA-4.0,2026-08-25,untranslated,true
built-in-finals-final-0066,built-in-finals,Finals Pack,built-in-finals-final-set-0066,final,final,0,easy,music,Joy in a Ninth Symphony,,Beethoven set Schiller’s Ode to Joy in the final movement of this symphony.,,Beethoven’s Ninth Symphony,,Symphony No. 9;Choral Symphony,,Beethoven’s Ninth Symphony ends with a choral setting of Ode to Joy.,,Symphony No. 9 (Beethoven) — Wikipedia permanent revision 1370709263,https://en.wikipedia.org/w/index.php?title=Symphony_No._9_(Beethoven)&oldid=1370709263,CC-BY-SA-4.0,2026-08-25,untranslated,true
built-in-finals-final-0067,built-in-finals,Finals Pack,built-in-finals-final-set-0067,final,final,0,easy,music,A Zebra Crossing Album,,The Beatles walk across a London street on the cover of this 1969 album.,,Abbey Road,,Abbey Road album,,Abbey Road is the Beatles album with the famous zebra-crossing cover.,,Abbey Road — Wikipedia permanent revision 1370839022,https://en.wikipedia.org/w/index.php?title=Abbey_Road&oldid=1370839022,CC-BY-SA-4.0,2026-08-25,untranslated,true
built-in-finals-final-0068,built-in-finals,Finals Pack,built-in-finals-final-set-0068,final,final,0,easy,music,An Inventor Named Sax,,Belgian instrument maker Adolphe Sax patented this family of single-reed instruments.,,The saxophone,,Saxophones,,Adolphe Sax invented and patented the saxophone.,,Saxophone — Wikipedia permanent revision 1370283322,https://en.wikipedia.org/w/index.php?title=Saxophone&oldid=1370283322,CC-BY-SA-4.0,2026-08-25,untranslated,true
built-in-finals-final-0069,built-in-finals,Finals Pack,built-in-finals-final-set-0069,final,final,0,easy,music,The Sound of Jamaica,,This music genre emerged in Jamaica in the late 1960s after ska and rocksteady.,,Reggae,,,,Reggae developed in Jamaica in the late 1960s.,,Reggae — Wikipedia permanent revision 1369472719,https://en.wikipedia.org/w/index.php?title=Reggae&oldid=1369472719,CC-BY-SA-4.0,2026-08-25,untranslated,true
built-in-finals-final-0070,built-in-finals,Finals Pack,built-in-finals-final-set-0070,final,final,0,medium,music,A Paris Premiere in 1913,,Stravinsky’s ballet score provoked a famously turbulent response at its first performance.,,The Rite of Spring,,Le Sacre du printemps,,The Rite of Spring premiered in Paris in 1913 with music by Igor Stravinsky.,,The Rite of Spring — Wikipedia permanent revision 1368043777,https://en.wikipedia.org/w/index.php?title=The_Rite_of_Spring&oldid=1368043777,CC-BY-SA-4.0,2026-08-25,untranslated,true
built-in-finals-final-0071,built-in-finals,Finals Pack,built-in-finals-final-set-0071,final,final,0,medium,music,A Modal Jazz Landmark,,Miles Davis recorded this 1959 album with musicians including John Coltrane and Bill Evans.,,Kind of Blue,,,,Miles Davis’s Kind of Blue is a landmark 1959 modal jazz album.,,Kind of Blue — Wikipedia permanent revision 1370960002,https://en.wikipedia.org/w/index.php?title=Kind_of_Blue&oldid=1370960002,CC-BY-SA-4.0,2026-08-25,untranslated,true
built-in-finals-final-0072,built-in-finals,Finals Pack,built-in-finals-final-set-0072,final,final,0,medium,music,Music Without Touch,,A performer controls pitch and volume on this electronic instrument by moving hands near two antennas.,,The theremin,,Thereminvox;Etherphone,,The theremin is played without physical contact by using two antennas.,,Theremin — Wikipedia permanent revision 1369339724,https://en.wikipedia.org/w/index.php?title=Theremin&oldid=1369339724,CC-BY-SA-4.0,2026-08-25,untranslated,true
built-in-finals-final-0073,built-in-finals,Finals Pack,built-in-finals-final-set-0073,final,final,0,medium,music,Songs Across Europe,,Seven countries participated when this annual broadcasting competition began in 1956.,,The Eurovision Song Contest,,Eurovision,,The Eurovision Song Contest began in 1956 with seven participating countries.,,Eurovision Song Contest — Wikipedia permanent revision 1371106052,https://en.wikipedia.org/w/index.php?title=Eurovision_Song_Contest&oldid=1371106052,CC-BY-SA-4.0,2026-08-25,untranslated,true
built-in-finals-final-0074,built-in-finals,Finals Pack,built-in-finals-final-set-0074,final,final,0,hard,music,Preludes and Fugues in Every Key,,Bach organized each of the two books of this work as 24 prelude-and-fugue pairs.,,The Well-Tempered Clavier,,Das Wohltemperierte Klavier,,The Well-Tempered Clavier contains preludes and fugues in all 24 major and minor keys.,,The Well-Tempered Clavier — Wikipedia permanent revision 1362460129,https://en.wikipedia.org/w/index.php?title=The_Well-Tempered_Clavier&oldid=1362460129,CC-BY-SA-4.0,2026-08-25,untranslated,true
built-in-finals-final-0075,built-in-finals,Finals Pack,built-in-finals-final-set-0075,final,final,0,hard,music,Pitches That Bend the Scale,,"Jazz and blues performers use this expressive pitch, often slightly lower than a standard scale degree.",,A blue note,,Blue notes,,A blue note is sung or played at a pitch differing from the standard major scale.,,Blue note — Wikipedia permanent revision 1336407953,https://en.wikipedia.org/w/index.php?title=Blue_note&oldid=1336407953,CC-BY-SA-4.0,2026-08-25,untranslated,true
built-in-finals-final-0076,built-in-finals,Finals Pack,built-in-finals-final-set-0076,final,final,0,hard,music,A Medieval Requiem Sequence,,This medieval Latin sequence from the Requiem Mass describes the Last Judgment.,,Dies irae,,Day of Wrath,,Dies irae is a medieval Latin sequence associated with the Requiem Mass.,,Dies irae — Wikipedia permanent revision 1368867328,https://en.wikipedia.org/w/index.php?title=Dies_irae&oldid=1368867328,CC-BY-SA-4.0,2026-08-25,untranslated,true
built-in-finals-final-0077,built-in-finals,Finals Pack,built-in-finals-final-set-0077,final,final,0,hard,music,Gongs of Indonesia,,"Metallophones, drums, and gongs form the core of this Indonesian ensemble tradition.",,Gamelan,,Gamelan orchestra,,Gamelan is an Indonesian ensemble tradition centered on percussion instruments.,,Gamelan — Wikipedia permanent revision 1369660839,https://en.wikipedia.org/w/index.php?title=Gamelan&oldid=1369660839,CC-BY-SA-4.0,2026-08-25,untranslated,true
built-in-finals-final-0078,built-in-finals,Finals Pack,built-in-finals-final-set-0078,final,final,0,hard,music,Four Minutes of Ambient Sound,,"In this John Cage work, performers do not intentionally play their instruments during its three movements.",,4′33″,,"4'33"";Four minutes thirty-three seconds",,John Cage’s 4′33″ consists of three movements without deliberate instrumental sound.,,4′33″ — Wikipedia permanent revision 1367217294,https://en.wikipedia.org/w/index.php?title=4%E2%80%B233%E2%80%B3&oldid=1367217294,CC-BY-SA-4.0,2026-08-25,untranslated,true
built-in-finals-final-0079,built-in-finals,Finals Pack,built-in-finals-final-set-0079,final,final,0,easy,film-television,Rosebud and a Newspaper Empire,,Orson Welles directed and starred in this film about publisher Charles Foster Kane.,,Citizen Kane,,,,Citizen Kane follows newspaper magnate Charles Foster Kane and was directed by Orson Welles.,,Citizen Kane — Wikipedia permanent revision 1369935656,https://en.wikipedia.org/w/index.php?title=Citizen_Kane&oldid=1369935656,CC-BY-SA-4.0,2026-08-25,untranslated,true
built-in-finals-final-0080,built-in-finals,Finals Pack,built-in-finals-final-set-0080,final,final,0,easy,film-television,A Bathhouse of Spirits,,Chihiro works in a supernatural bathhouse in this animated film by Hayao Miyazaki.,,Spirited Away,,Sen to Chihiro no Kamikakushi,,Spirited Away follows Chihiro through a spirit-world bathhouse.,,Spirited Away — Wikipedia permanent revision 1370076052,https://en.wikipedia.org/w/index.php?title=Spirited_Away&oldid=1370076052,CC-BY-SA-4.0,2026-08-25,untranslated,true
built-in-finals-final-0081,built-in-finals,Finals Pack,built-in-finals-final-set-0081,final,final,0,easy,film-television,An Anthology Beyond Reality,,Rod Serling created and hosted the original version of this science-fiction anthology series.,,The Twilight Zone,,Twilight Zone,,The Twilight Zone is an anthology television series created by Rod Serling.,,The Twilight Zone — Wikipedia permanent revision 1369756938,https://en.wikipedia.org/w/index.php?title=The_Twilight_Zone&oldid=1369756938,CC-BY-SA-4.0,2026-08-25,untranslated,true
built-in-finals-final-0082,built-in-finals,Finals Pack,built-in-finals-final-set-0082,final,final,0,easy,film-television,The First Fully Computer-Animated Feature,,Pixar released this 1995 film as the first feature made entirely with computer animation.,,Toy Story,,,,Toy Story was the first entirely computer-animated feature film.,,Toy Story — Wikipedia permanent revision 1369985303,https://en.wikipedia.org/w/index.php?title=Toy_Story&oldid=1369985303,CC-BY-SA-4.0,2026-08-25,untranslated,true
built-in-finals-final-0083,built-in-finals,Finals Pack,built-in-finals-final-set-0083,final,final,0,medium,film-television,Many Views of One Crime,,Akira Kurosawa’s film presents incompatible accounts of the same violent event.,,Rashomon,,Rashōmon,,Rashomon is known for presenting conflicting versions of the same event.,,Rashomon — Wikipedia permanent revision 1370536020,https://en.wikipedia.org/w/index.php?title=Rashomon&oldid=1370536020,CC-BY-SA-4.0,2026-08-25,untranslated,true
built-in-finals-final-0084,built-in-finals,Finals Pack,built-in-finals-final-set-0084,final,final,0,medium,film-television,A Time Lord’s Blue Box,,The TARDIS carries the title traveller through time and space in this British series.,,Doctor Who,,Dr. Who,,Doctor Who follows a Time Lord travelling in the TARDIS.,,Doctor Who — Wikipedia permanent revision 1370777161,https://en.wikipedia.org/w/index.php?title=Doctor_Who&oldid=1370777161,CC-BY-SA-4.0,2026-08-25,untranslated,true
built-in-finals-final-0085,built-in-finals,Finals Pack,built-in-finals-final-set-0085,final,final,0,medium,film-television,A Vow of Chastity for Film,,Lars von Trier and Thomas Vinterberg launched this movement with rules rejecting elaborate production techniques.,,Dogme 95,,Dogma 95,,Dogme 95 was founded by Lars von Trier and Thomas Vinterberg.,,Dogme 95 — Wikipedia permanent revision 1361545490,https://en.wikipedia.org/w/index.php?title=Dogme_95&oldid=1361545490,CC-BY-SA-4.0,2026-08-25,untranslated,true
built-in-finals-final-0086,built-in-finals,Finals Pack,built-in-finals-final-set-0086,final,final,0,medium,film-television,A Mobster in Therapy,,Tony Soprano balances organized crime and psychotherapy in this New Jersey television drama.,,The Sopranos,,Sopranos,,The Sopranos centers on New Jersey mob boss Tony Soprano.,,The Sopranos — Wikipedia permanent revision 1371264736,https://en.wikipedia.org/w/index.php?title=The_Sopranos&oldid=1371264736,CC-BY-SA-4.0,2026-08-25,untranslated,true
built-in-finals-final-0087,built-in-finals,Finals Pack,built-in-finals-final-set-0087,final,final,0,hard,film-television,Meaning Between Two Shots,,This editing principle shows how viewers derive meaning from the sequence of adjacent shots.,,The Kuleshov effect,,Kuleshov effect,,The Kuleshov effect demonstrates that montage changes how an image is interpreted.,,Kuleshov effect — Wikipedia permanent revision 1368734272,https://en.wikipedia.org/w/index.php?title=Kuleshov_effect&oldid=1368734272,CC-BY-SA-4.0,2026-08-25,untranslated,true
built-in-finals-final-0088,built-in-finals,Finals Pack,built-in-finals-final-set-0088,final,final,0,hard,film-television,Langlois and a Film Archive,,Henri Langlois helped found this Paris institution devoted to preserving and showing films.,,The Cinémathèque Française,,Cinematheque Francaise,,The Cinémathèque Française was co-founded by film archivist Henri Langlois.,,Cinémathèque française — Wikipedia permanent revision 1370362479,https://en.wikipedia.org/w/index.php?title=Cin%C3%A9math%C3%A8que_fran%C3%A7aise&oldid=1370362479,CC-BY-SA-4.0,2026-08-25,untranslated,true
built-in-finals-final-0089,built-in-finals,Finals Pack,built-in-finals-final-set-0089,final,final,0,hard,film-television,Television Recorded on Film,,"Before videotape, broadcasters preserved live television by filming the image from a monitor with this device.",,A kinescope,,Kinescope recording;Teletranscription,,A kinescope records a television program from a video monitor onto film.,,Kinescope — Wikipedia permanent revision 1368521750,https://en.wikipedia.org/w/index.php?title=Kinescope&oldid=1368521750,CC-BY-SA-4.0,2026-08-25,untranslated,true
built-in-finals-final-0090,built-in-finals,Finals Pack,built-in-finals-final-set-0090,final,final,0,hard,film-television,A Famous Stock Scream,,"First heard in a 1951 film, this recurring sound effect was named for a character in The Charge at Feather River.",,The Wilhelm scream,,Wilhelm Scream,,The Wilhelm scream is a stock sound effect named after a character in a 1953 western.,,Wilhelm scream — Wikipedia permanent revision 1368700757,https://en.wikipedia.org/w/index.php?title=Wilhelm_scream&oldid=1368700757,CC-BY-SA-4.0,2026-08-25,untranslated,true
built-in-finals-final-0091,built-in-finals,Finals Pack,built-in-finals-final-set-0091,final,final,0,easy,sports-games,A Race of 42.195 Kilometres,,This Olympic road race takes its name from a Greek battlefield and has a standard distance of 42.195 kilometres.,,The marathon,,Marathon race,,The marathon is a 42.195-kilometre road race named after Marathon in Greece.,,Marathon — Wikipedia permanent revision 1370979266,https://en.wikipedia.org/w/index.php?title=Marathon&oldid=1370979266,CC-BY-SA-4.0,2026-08-25,untranslated,true
built-in-finals-final-0092,built-in-finals,Finals Pack,built-in-finals-final-set-0092,final,final,0,easy,sports-games,Tennis on Grass,,"Played in London, this is the oldest of tennis’s four Grand Slam tournaments.",,Wimbledon,,"The Championships, Wimbledon;Wimbledon Championships",,Wimbledon is the oldest tennis Grand Slam tournament and is played on grass.,,Wimbledon Championships — Wikipedia permanent revision 1369687468,https://en.wikipedia.org/w/index.php?title=Wimbledon_Championships&oldid=1369687468,CC-BY-SA-4.0,2026-08-25,untranslated,true
built-in-finals-final-0093,built-in-finals,Finals Pack,built-in-finals-final-set-0093,final,final,0,easy,sports-games,A Pawn Passing By,,"In chess, this special capture is available immediately after an opposing pawn advances two squares past a capture square.",,En passant,,En-passant capture,,En passant is the special pawn capture after a two-square advance.,,En passant — Wikipedia permanent revision 1364184003,https://en.wikipedia.org/w/index.php?title=En_passant&oldid=1364184003,CC-BY-SA-4.0,2026-08-25,untranslated,true
built-in-finals-final-0094,built-in-finals,Finals Pack,built-in-finals-final-set-0094,final,final,0,easy,sports-games,The Yellow Jersey,,The overall leader wears yellow in this annual multi-stage bicycle race.,,The Tour de France,,Tour de France,,The Tour de France awards the yellow jersey to the general-classification leader.,,Tour de France — Wikipedia permanent revision 1370707648,https://en.wikipedia.org/w/index.php?title=Tour_de_France&oldid=1370707648,CC-BY-SA-4.0,2026-08-25,untranslated,true
built-in-finals-final-0095,built-in-finals,Finals Pack,built-in-finals-final-set-0095,final,final,0,medium,sports-games,Jumping Backwards,,Dick Fosbury popularized this back-first technique for clearing the high-jump bar.,,The Fosbury flop,,Fosbury Flop,,The Fosbury flop is the back-first high-jump technique associated with Dick Fosbury.,,Fosbury flop — Wikipedia permanent revision 1345299538,https://en.wikipedia.org/w/index.php?title=Fosbury_flop&oldid=1345299538,CC-BY-SA-4.0,2026-08-25,untranslated,true
built-in-finals-final-0096,built-in-finals,Finals Pack,built-in-finals-final-set-0096,final,final,0,medium,sports-games,A Silver Cup for Hockey,,"Originally donated by Canada’s governor general, this trophy is awarded to the NHL champion.",,The Stanley Cup,,Stanley Cup trophy,,The Stanley Cup is the championship trophy of the National Hockey League.,,Stanley Cup — Wikipedia permanent revision 1368001809,https://en.wikipedia.org/w/index.php?title=Stanley_Cup&oldid=1368001809,CC-BY-SA-4.0,2026-08-25,untranslated,true
built-in-finals-final-0097,built-in-finals,Finals Pack,built-in-finals-final-set-0097,final,final,0,medium,sports-games,Volleyball with the Feet,,"Players send a woven ball over a net using their feet, knees, shoulders, and head in this Southeast Asian sport.",,Sepak takraw,,Kick volleyball,,Sepak takraw is a Southeast Asian net sport played mainly with the feet.,,Sepak takraw — Wikipedia permanent revision 1369909753,https://en.wikipedia.org/w/index.php?title=Sepak_takraw&oldid=1369909753,CC-BY-SA-4.0,2026-08-25,untranslated,true
built-in-finals-final-0098,built-in-finals,Finals Pack,built-in-finals-final-set-0098,final,final,0,medium,sports-games,No Immediate Repetition,,"In the board game Go, this rule prevents a player from immediately recreating the previous position.",,The ko rule,,Ko,,The ko rule in Go prevents immediate repetition of a board position.,,Rules of Go — Wikipedia permanent revision 1361726571,https://en.wikipedia.org/w/index.php?title=Rules_of_Go&oldid=1361726571,CC-BY-SA-4.0,2026-08-25,untranslated,true
built-in-finals-final-0099,built-in-finals,Finals Pack,built-in-finals-final-set-0099,final,final,0,hard,sports-games,England Against Scotland,,England and Scotland contest this trophy in men’s rugby union.,,The Calcutta Cup,,Calcutta Cup,,The Calcutta Cup is contested by the England and Scotland rugby union teams.,,Calcutta Cup — Wikipedia permanent revision 1364431920,https://en.wikipedia.org/w/index.php?title=Calcutta_Cup&oldid=1364431920,CC-BY-SA-4.0,2026-08-25,untranslated,true
built-in-finals-final-0100,built-in-finals,Finals Pack,built-in-finals-final-set-0100,final,final,0,hard,sports-games,A Chipped Penalty,,What name is given to a softly chipped football penalty aimed down the center?,,A Panenka,,Panenka penalty;Panenka kick,,A Panenka is a chipped penalty kick named for Antonín Panenka.,,Panenka (penalty kick) — Wikipedia permanent revision 1362986521,https://en.wikipedia.org/w/index.php?title=Panenka_(penalty_kick)&oldid=1362986521,CC-BY-SA-4.0,2026-08-25,untranslated,true
built-in-finals-final-0101,built-in-finals,Finals Pack,built-in-finals-final-set-0101,final,final,0,hard,sports-games,Rain-Adjusted Cricket Targets,,Limited-overs cricket uses this mathematical method to revise targets after weather interruptions.,,The Duckworth–Lewis–Stern method,,DLS method;Duckworth-Lewis method,,The DLS method recalculates cricket targets when play is interrupted.,,Duckworth–Lewis–Stern method — Wikipedia permanent revision 1359822158,https://en.wikipedia.org/w/index.php?title=Duckworth%E2%80%93Lewis%E2%80%93Stern_method&oldid=1359822158,CC-BY-SA-4.0,2026-08-25,untranslated,true
built-in-finals-final-0102,built-in-finals,Finals Pack,built-in-finals-final-set-0102,final,final,0,hard,sports-games,Eleven Skaters and a Ball,,"Played on ice with sticks and a ball, this winter team sport normally fields eleven players per side.",,Bandy,,,,Bandy is an eleven-a-side ice sport played with a ball and sticks.,,Bandy — Wikipedia permanent revision 1369659026,https://en.wikipedia.org/w/index.php?title=Bandy&oldid=1369659026,CC-BY-SA-4.0,2026-08-25,untranslated,true
built-in-finals-final-0103,built-in-finals,Finals Pack,built-in-finals-final-set-0103,final,final,0,easy,food-drink,Rice at the Center,,"This Japanese dish is defined by vinegared rice, not by the presence of raw fish.",,Sushi,,,,Sushi combines specially prepared vinegared rice with varied ingredients.,,Sushi — Wikipedia permanent revision 1371011910,https://en.wikipedia.org/w/index.php?title=Sushi&oldid=1371011910,CC-BY-SA-4.0,2026-08-25,untranslated,true
built-in-finals-final-0104,built-in-finals,Finals Pack,built-in-finals-final-set-0104,final,final,0,easy,food-drink,Coffee Under Pressure,,Hot water forced through finely ground beans produces this concentrated coffee.,,Espresso,,,,Espresso is made by forcing hot water under pressure through finely ground coffee.,,Espresso — Wikipedia permanent revision 1369844273,https://en.wikipedia.org/w/index.php?title=Espresso&oldid=1369844273,CC-BY-SA-4.0,2026-08-25,untranslated,true
built-in-finals-final-0105,built-in-finals,Finals Pack,built-in-finals-final-set-0105,final,final,0,easy,food-drink,Laminated Crescent Pastry,,Layers of yeast-leavened dough and butter create the flaky structure of this pastry associated with France.,,A croissant,,Croissants,,"A croissant is a laminated, yeast-leavened pastry associated with France.",,Croissant — Wikipedia permanent revision 1365321724,https://en.wikipedia.org/w/index.php?title=Croissant&oldid=1365321724,CC-BY-SA-4.0,2026-08-25,untranslated,true
built-in-finals-final-0106,built-in-finals,Finals Pack,built-in-finals-final-set-0106,final,final,0,easy,food-drink,Microbes at Work,,Yeasts or bacteria convert carbohydrates into alcohol or acids in this metabolic process.,,Fermentation,,,,Fermentation is a metabolic process in which microorganisms transform carbohydrates.,,Fermentation — Wikipedia permanent revision 1370238698,https://en.wikipedia.org/w/index.php?title=Fermentation&oldid=1370238698,CC-BY-SA-4.0,2026-08-25,untranslated,true
built-in-finals-final-0107,built-in-finals,Finals Pack,built-in-finals-final-set-0107,final,final,0,medium,food-drink,Browning Beyond Caramel,,Amino acids react with reducing sugars in this process that browns bread crust and seared food.,,The Maillard reaction,,Maillard Reaction,,The Maillard reaction between amino acids and reducing sugars creates browning and flavor.,,Maillard reaction — Wikipedia permanent revision 1369475738,https://en.wikipedia.org/w/index.php?title=Maillard_reaction&oldid=1369475738,CC-BY-SA-4.0,2026-08-25,untranslated,true
built-in-finals-final-0108,built-in-finals,Finals Pack,built-in-finals-final-set-0108,final,final,0,medium,food-drink,Korea’s Fermented Side Dish,,"Salted and fermented vegetables, often napa cabbage or radish, form this Korean staple.",,Kimchi,,,,Kimchi is a Korean dish of salted and fermented vegetables.,,Kimchi — Wikipedia permanent revision 1371160012,https://en.wikipedia.org/w/index.php?title=Kimchi&oldid=1371160012,CC-BY-SA-4.0,2026-08-25,untranslated,true
built-in-finals-final-0109,built-in-finals,Finals Pack,built-in-finals-final-set-0109,final,final,0,medium,food-drink,Granules of the Maghreb,,"Traditionally rolled from durum-wheat semolina, these tiny granules are a staple across North Africa.",,Couscous,,,,Couscous is made from steamed granules of durum-wheat semolina.,,Couscous — Wikipedia permanent revision 1366501962,https://en.wikipedia.org/w/index.php?title=Couscous&oldid=1366501962,CC-BY-SA-4.0,2026-08-25,untranslated,true
built-in-finals-final-0110,built-in-finals,Finals Pack,built-in-finals-final-set-0110,final,final,0,medium,food-drink,Blue Agave Spirit,,Mexican law restricts this spirit’s production to designated regions and requires blue agave.,,Tequila,,,,Tequila is a Mexican distilled spirit made from blue agave in designated areas.,,Tequila — Wikipedia permanent revision 1370487856,https://en.wikipedia.org/w/index.php?title=Tequila&oldid=1370487856,CC-BY-SA-4.0,2026-08-25,untranslated,true
built-in-finals-final-0111,built-in-finals,Finals Pack,built-in-finals-final-set-0111,final,final,0,hard,food-drink,Escoffier’s Foundational Sauces,,"Béchamel, velouté, espagnole, tomato, and hollandaise make up this foundational culinary group.",,The five French mother sauces,,Mother sauces;Five mother sauces,,"Escoffier’s five mother sauces are béchamel, velouté, espagnole, tomato, and hollandaise.",,French mother sauces — Wikipedia permanent revision 1366486040,https://en.wikipedia.org/w/index.php?title=French_mother_sauces&oldid=1366486040,CC-BY-SA-4.0,2026-08-25,untranslated,true
built-in-finals-final-0112,built-in-finals,Finals Pack,built-in-finals-final-set-0112,final,final,0,hard,food-drink,Beneficial Grape Fungus,,"Under suitable vineyard conditions, which form of fungal infection concentrates grape sugars for some sweet wines?",,Noble rot,,Botrytis;Botrytized grapes,,Noble rot is beneficial Botrytis infection used to make concentrated sweet wines.,,Noble rot — Wikipedia permanent revision 1367614497,https://en.wikipedia.org/w/index.php?title=Noble_rot&oldid=1367614497,CC-BY-SA-4.0,2026-08-25,untranslated,true
built-in-finals-final-0113,built-in-finals,Finals Pack,built-in-finals-final-set-0113,final,final,0,hard,food-drink,Maize Meets Alkali,,"Cooking maize in an alkaline solution improves flavor, nutrition, and dough-forming ability in this process.",,Nixtamalization,,Nixtamalisation,,Nixtamalization treats maize with an alkaline solution.,,Nixtamalization — Wikipedia permanent revision 1368908250,https://en.wikipedia.org/w/index.php?title=Nixtamalization&oldid=1368908250,CC-BY-SA-4.0,2026-08-25,untranslated,true
built-in-finals-final-0114,built-in-finals,Finals Pack,built-in-finals-final-set-0114,final,final,0,hard,food-drink,Chickpea Liquid in Baking,,The cooking liquid from chickpeas can replace egg whites in foams and meringues under this name.,,Aquafaba,,,,Aquafaba is legume cooking liquid used as an egg-white substitute.,,Aquafaba — Wikipedia permanent revision 1364004930,https://en.wikipedia.org/w/index.php?title=Aquafaba&oldid=1364004930,CC-BY-SA-4.0,2026-08-25,untranslated,true
built-in-finals-final-0115,built-in-finals,Finals Pack,built-in-finals-final-set-0115,final,final,0,easy,technology-inventions,Links at CERN,,Tim Berners-Lee proposed this hypertext system at CERN in 1989.,,The World Wide Web,,World Wide Web;WWW;The Web,,Tim Berners-Lee invented the World Wide Web at CERN.,,World Wide Web — Wikipedia permanent revision 1369656827,https://en.wikipedia.org/w/index.php?title=World_Wide_Web&oldid=1369656827,CC-BY-SA-4.0,2026-08-25,untranslated,true
built-in-finals-final-0116,built-in-finals,Finals Pack,built-in-finals-final-set-0116,final,final,0,easy,technology-inventions,A Bell Labs Switch,,"Bardeen, Brattain, and Shockley shared credit for this semiconductor device developed at Bell Labs.",,The transistor,,Transistors,,The first working transistor was demonstrated at Bell Labs in 1947.,,Transistor — Wikipedia permanent revision 1369634386,https://en.wikipedia.org/w/index.php?title=Transistor&oldid=1369634386,CC-BY-SA-4.0,2026-08-25,untranslated,true
built-in-finals-final-0117,built-in-finals,Finals Pack,built-in-finals-final-set-0117,final,final,0,easy,technology-inventions,Movable Type in Europe,,Johannes Gutenberg’s fifteenth-century machine transformed the mass production of books in Europe.,,The printing press,,Gutenberg press,,Gutenberg’s movable-type printing press transformed European book production.,,Printing press — Wikipedia permanent revision 1370708412,https://en.wikipedia.org/w/index.php?title=Printing_press&oldid=1370708412,CC-BY-SA-4.0,2026-08-25,untranslated,true
built-in-finals-final-0118,built-in-finals,Finals Pack,built-in-finals-final-set-0118,final,final,0,easy,technology-inventions,Navigation from Satellites,,The United States developed this satellite system that provides positioning and time information worldwide.,,GPS,,Global Positioning System,,GPS is a United States satellite-based positioning and timing system.,,Global Positioning System — Wikipedia permanent revision 1371032079,https://en.wikipedia.org/w/index.php?title=Global_Positioning_System&oldid=1371032079,CC-BY-SA-4.0,2026-08-25,untranslated,true
built-in-finals-final-0119,built-in-finals,Finals Pack,built-in-finals-final-set-0119,final,final,0,medium,technology-inventions,A Room-Sized Electronic Computer,,"Completed in the 1940s, this University of Pennsylvania machine was an early general-purpose electronic digital computer.",,ENIAC,,Electronic Numerical Integrator and Computer,,ENIAC was an early general-purpose electronic digital computer.,,ENIAC — Wikipedia permanent revision 1369893192,https://en.wikipedia.org/w/index.php?title=ENIAC&oldid=1369893192,CC-BY-SA-4.0,2026-08-25,untranslated,true
built-in-finals-final-0120,built-in-finals,Finals Pack,built-in-finals-final-set-0120,final,final,0,medium,technology-inventions,Boxes That Changed Shipping,,"Malcom McLean helped popularize this system of moving standardized freight boxes among ships, trains, and trucks.",,Containerization,,Intermodal containerization,,Containerization uses standardized freight containers across transport modes.,,Containerization — Wikipedia permanent revision 1367509279,https://en.wikipedia.org/w/index.php?title=Containerization&oldid=1367509279,CC-BY-SA-4.0,2026-08-25,untranslated,true
built-in-finals-final-0121,built-in-finals,Finals Pack,built-in-finals-final-set-0121,final,final,0,medium,technology-inventions,A Two-Dimensional Auto Code,,Denso Wave created this square matrix barcode in Japan in 1994 for tracking automotive parts.,,The QR code,,QR;Quick Response code,,Denso Wave invented the QR code in 1994.,,QR code — Wikipedia permanent revision 1371204359,https://en.wikipedia.org/w/index.php?title=QR_code&oldid=1371204359,CC-BY-SA-4.0,2026-08-25,untranslated,true
built-in-finals-final-0122,built-in-finals,Finals Pack,built-in-finals-final-set-0122,final,final,0,medium,technology-inventions,Ions Between Electrodes,,Charging this rechargeable battery moves lithium ions from the positive electrode to the negative one.,,The lithium-ion battery,,Li-ion battery;LIB,,Lithium-ion batteries store energy by moving lithium ions between electrodes.,,Lithium-ion battery — Wikipedia permanent revision 1370482719,https://en.wikipedia.org/w/index.php?title=Lithium-ion_battery&oldid=1370482719,CC-BY-SA-4.0,2026-08-25,untranslated,true
built-in-finals-final-0123,built-in-finals,Finals Pack,built-in-finals-final-set-0123,final,final,0,hard,technology-inventions,Notes on an Analytical Engine,,Her notes on Babbage’s proposed engine included an algorithm for computing Bernoulli numbers.,,Ada Lovelace,,Augusta Ada King;Countess of Lovelace,,Ada Lovelace published an algorithm for Bernoulli numbers for the Analytical Engine.,,Ada Lovelace — Wikipedia permanent revision 1370153024,https://en.wikipedia.org/w/index.php?title=Ada_Lovelace&oldid=1370153024,CC-BY-SA-4.0,2026-08-25,untranslated,true
built-in-finals-final-0124,built-in-finals,Finals Pack,built-in-finals-final-set-0124,final,final,0,hard,technology-inventions,The Stored-Program Baby,,"Running in 1948, this experimental British machine was the first electronic stored-program computer.",,The Manchester Baby,,Small-Scale Experimental Machine;SSEM,,The Manchester Baby ran the first stored electronic program in 1948.,,Manchester Baby — Wikipedia permanent revision 1370624376,https://en.wikipedia.org/w/index.php?title=Manchester_Baby&oldid=1370624376,CC-BY-SA-4.0,2026-08-25,untranslated,true
built-in-finals-final-0125,built-in-finals,Finals Pack,built-in-finals-final-set-0125,final,final,0,hard,technology-inventions,Japan’s New Main Line,,The first route in this high-speed rail network opened between Tokyo and Osaka in 1964.,,The Shinkansen,,Bullet train,,The Tokaido Shinkansen began high-speed service in 1964.,,Shinkansen — Wikipedia permanent revision 1371211796,https://en.wikipedia.org/w/index.php?title=Shinkansen&oldid=1371211796,CC-BY-SA-4.0,2026-08-25,untranslated,true
built-in-finals-final-0126,built-in-finals,Finals Pack,built-in-finals-final-set-0126,final,final,0,hard,technology-inventions,A Separate Condenser,,Which steam engine did James Watt make far more efficient by placing a separate condenser away from the main cylinder?,,The Watt steam engine,,Watt engine,,Watt’s separate condenser reduced energy loss in steam engines.,,Watt steam engine — Wikipedia permanent revision 1369665392,https://en.wikipedia.org/w/index.php?title=Watt_steam_engine&oldid=1369665392,CC-BY-SA-4.0,2026-08-25,untranslated,true
built-in-finals-final-0127,built-in-finals,Finals Pack,built-in-finals-final-set-0127,final,final,0,easy,politics-economics-society,An Organization Born in 1945,,"Created after World War II, this body succeeded the League of Nations.",,The United Nations,,UN;U.N.,,The United Nations was established in 1945 as the League of Nations’ successor.,,United Nations — Wikipedia permanent revision 1368045255,https://en.wikipedia.org/w/index.php?title=United_Nations&oldid=1368045255,CC-BY-SA-4.0,2026-08-25,untranslated,true
built-in-finals-final-0128,built-in-finals,Finals Pack,built-in-finals-final-set-0128,final,final,0,easy,politics-economics-society,Three Branches of Government,,"This doctrine divides authority among legislative, executive, and judicial institutions.",,Separation of powers,,Division of powers,,Separation of powers distributes state authority among distinct branches.,,Separation of powers — Wikipedia permanent revision 1370380333,https://en.wikipedia.org/w/index.php?title=Separation_of_powers&oldid=1370380333,CC-BY-SA-4.0,2026-08-25,untranslated,true
built-in-finals-final-0129,built-in-finals,Finals Pack,built-in-finals-final-set-0129,final,final,0,easy,politics-economics-society,Coins and Notes of a Union,,"Introduced for accounting in 1999 and as cash in 2002, this currency is used by the eurozone.",,The euro,,Euro;EUR,,The euro began as an accounting currency in 1999 and entered circulation in 2002.,,Euro — Wikipedia permanent revision 1370833660,https://en.wikipedia.org/w/index.php?title=Euro&oldid=1370833660,CC-BY-SA-4.0,2026-08-25,untranslated,true
built-in-finals-final-0130,built-in-finals,Finals Pack,built-in-finals-final-set-0130,final,final,0,easy,politics-economics-society,Votes for All Adults,,"This principle extends the right to vote to adult citizens without restrictions based on wealth, sex, or race.",,Universal suffrage,,Universal adult suffrage,,Universal suffrage means broad adult voting rights without discriminatory restrictions.,,Universal suffrage — Wikipedia permanent revision 1357310178,https://en.wikipedia.org/w/index.php?title=Universal_suffrage&oldid=1357310178,CC-BY-SA-4.0,2026-08-25,untranslated,true
built-in-finals-final-0131,built-in-finals,Finals Pack,built-in-finals-final-set-0131,final,final,0,medium,politics-economics-society,A Monetary Conference in New Hampshire,,Delegates in 1944 designed the framework that produced the IMF and the World Bank at this meeting.,,The Bretton Woods Conference,,Bretton Woods;United Nations Monetary and Financial Conference,,The Bretton Woods Conference created the framework for the IMF and World Bank.,,Bretton Woods Conference — Wikipedia permanent revision 1368903012,https://en.wikipedia.org/w/index.php?title=Bretton_Woods_Conference&oldid=1368903012,CC-BY-SA-4.0,2026-08-25,untranslated,true
built-in-finals-final-0132,built-in-finals,Finals Pack,built-in-finals-final-set-0132,final,final,0,medium,politics-economics-society,"Health, Education, and Income",,The United Nations uses these three dimensions in this composite development measure.,,The Human Development Index,,HDI,,"The HDI combines health, education, and income indicators.",,Human Development Index — Wikipedia permanent revision 1369417898,https://en.wikipedia.org/w/index.php?title=Human_Development_Index&oldid=1369417898,CC-BY-SA-4.0,2026-08-25,untranslated,true
built-in-finals-final-0133,built-in-finals,Finals Pack,built-in-finals-final-set-0133,final,final,0,medium,politics-economics-society,Eighty-Five Essays,,"Hamilton, Madison, and Jay wrote this series defending ratification of the United States Constitution.",,The Federalist Papers,,The Federalist,,"The Federalist Papers are 85 essays by Hamilton, Madison, and Jay.",,The Federalist Papers — Wikipedia permanent revision 1369902230,https://en.wikipedia.org/w/index.php?title=The_Federalist_Papers&oldid=1369902230,CC-BY-SA-4.0,2026-08-25,untranslated,true
built-in-finals-final-0134,built-in-finals,Finals Pack,built-in-finals-final-set-0134,final,final,0,medium,politics-economics-society,European Recovery Aid,,The United States launched this postwar program to aid Western European economic recovery.,,The Marshall Plan,,European Recovery Program,,The Marshall Plan provided American aid for European recovery after World War II.,,Marshall Plan — Wikipedia permanent revision 1369625661,https://en.wikipedia.org/w/index.php?title=Marshall_Plan&oldid=1369625661,CC-BY-SA-4.0,2026-08-25,untranslated,true
built-in-finals-final-0135,built-in-finals,Finals Pack,built-in-finals-final-set-0135,final,final,0,hard,politics-economics-society,A Curve of Inequality,,This statistic is zero for perfect equality and approaches one as inequality increases.,,The Gini coefficient,,Gini index;Gini ratio,,The Gini coefficient measures inequality on a scale commonly running from zero to one.,,Gini coefficient — Wikipedia permanent revision 1369014143,https://en.wikipedia.org/w/index.php?title=Gini_coefficient&oldid=1369014143,CC-BY-SA-4.0,2026-08-25,untranslated,true
built-in-finals-final-0136,built-in-finals,Finals Pack,built-in-finals-final-set-0136,final,final,0,hard,politics-economics-society,Territorial State Authority,,"Named for the 1648 peace settlement, this concept emphasizes each state’s authority within its territory.",,Westphalian sovereignty,,Westphalian system,,Westphalian sovereignty associates statehood with territorial authority and non-interference.,,Westphalian system — Wikipedia permanent revision 1367230427,https://en.wikipedia.org/w/index.php?title=Westphalian_system&oldid=1367230427,CC-BY-SA-4.0,2026-08-25,untranslated,true
built-in-finals-final-0137,built-in-finals,Finals Pack,built-in-finals-final-set-0137,final,final,0,hard,politics-economics-society,No Perfect Preference Aggregator,,This theorem shows that no preference-aggregation system can satisfy several fairness conditions simultaneously.,,Arrow’s impossibility theorem,,Arrow's theorem;General impossibility theorem,,Arrow’s impossibility theorem proves that several fairness criteria cannot all hold together.,,Arrow's impossibility theorem — Wikipedia permanent revision 1370408261,https://en.wikipedia.org/w/index.php?title=Arrow's_impossibility_theorem&oldid=1370408261,CC-BY-SA-4.0,2026-08-25,untranslated,true
built-in-finals-final-0138,built-in-finals,Finals Pack,built-in-finals-final-set-0138,final,final,0,hard,politics-economics-society,A Ruler Chooses the Religion,,"The 1555 settlement expressed the principle cuius regio, eius religio within the Holy Roman Empire.",,The Peace of Augsburg,,Augsburg Settlement,,The Peace of Augsburg allowed rulers to choose Lutheranism or Catholicism for their territories.,,Peace of Augsburg — Wikipedia permanent revision 1365933171,https://en.wikipedia.org/w/index.php?title=Peace_of_Augsburg&oldid=1365933171,CC-BY-SA-4.0,2026-08-25,untranslated,true
built-in-finals-final-0139,built-in-finals,Finals Pack,built-in-finals-final-set-0139,final,final,0,easy,mythology-religion-philosophy,The Hammer Mjölnir,,This Norse thunder god wields Mjölnir and is a son of Odin.,,Thor,,Þórr;Donar,,Thor is the Norse god of thunder who wields Mjölnir.,,Thor — Wikipedia permanent revision 1368276040,https://en.wikipedia.org/w/index.php?title=Thor&oldid=1368276040,CC-BY-SA-4.0,2026-08-25,untranslated,true
built-in-finals-final-0140,built-in-finals,Finals Pack,built-in-finals-final-set-0140,final,final,0,easy,mythology-religion-philosophy,Suffering and Its Cessation,,"Buddhist teaching summarizes suffering, its origin, its cessation, and the path in this set.",,The Four Noble Truths,,Four Noble Truths,,The Four Noble Truths form a central framework of Buddhist teaching.,,Four Noble Truths — Wikipedia permanent revision 1366630408,https://en.wikipedia.org/w/index.php?title=Four_Noble_Truths&oldid=1366630408,CC-BY-SA-4.0,2026-08-25,untranslated,true
built-in-finals-final-0141,built-in-finals,Finals Pack,built-in-finals-final-set-0141,final,final,0,easy,mythology-religion-philosophy,Prisoners and Shadows,,Plato’s Republic presents prisoners mistaking shadows for reality in this philosophical image.,,The allegory of the cave,,Plato’s cave;The Cave,,Plato’s allegory of the cave contrasts appearances with knowledge.,,Allegory of the cave — Wikipedia permanent revision 1369206761,https://en.wikipedia.org/w/index.php?title=Allegory_of_the_cave&oldid=1369206761,CC-BY-SA-4.0,2026-08-25,untranslated,true
built-in-finals-final-0142,built-in-finals,Finals Pack,built-in-finals-final-set-0142,final,final,0,easy,mythology-religion-philosophy,Spells for the Afterlife,,Ancient Egyptians placed selections from this collection of funerary texts in tombs.,,The Egyptian Book of the Dead,,Book of the Dead,,The Book of the Dead is a collection of ancient Egyptian funerary texts.,,Book of the Dead — Wikipedia permanent revision 1368681958,https://en.wikipedia.org/w/index.php?title=Book_of_the_Dead&oldid=1368681958,CC-BY-SA-4.0,2026-08-25,untranslated,true
built-in-finals-final-0143,built-in-finals,Finals Pack,built-in-finals-final-set-0143,final,final,0,medium,mythology-religion-philosophy,Krishna Counsels Arjuna,,A dialogue on duty and action between a prince and his charioteer forms this part of the Mahabharata.,,The Bhagavad Gita,,Bhagavad-Gita;Gita,,The Bhagavad Gita is a dialogue between Arjuna and Krishna within the Mahabharata.,,Bhagavad Gita — Wikipedia permanent revision 1371241251,https://en.wikipedia.org/w/index.php?title=Bhagavad_Gita&oldid=1371241251,CC-BY-SA-4.0,2026-08-25,untranslated,true
built-in-finals-final-0144,built-in-finals,Finals Pack,built-in-finals-final-set-0144,final,final,0,medium,mythology-religion-philosophy,Songs Gathered by Lönnrot,,Elias Lönnrot compiled this Finnish national epic from Finnish and Karelian oral poetry.,,The Kalevala,,Kalevala,,The Kalevala was compiled by Elias Lönnrot from oral folklore.,,Kalevala — Wikipedia permanent revision 1368445058,https://en.wikipedia.org/w/index.php?title=Kalevala&oldid=1368445058,CC-BY-SA-4.0,2026-08-25,untranslated,true
built-in-finals-final-0145,built-in-finals,Finals Pack,built-in-finals-final-set-0145,final,final,0,medium,mythology-religion-philosophy,"Truth, Justice, and Cosmic Order",,"In ancient Egyptian thought, this goddess and concept embodied truth, justice, and order.",,Maat,,Ma'at;Maʽat,,"Maat personified truth, balance, and cosmic order in ancient Egyptian religion.",,Maat — Wikipedia permanent revision 1350608986,https://en.wikipedia.org/w/index.php?title=Maat&oldid=1350608986,CC-BY-SA-4.0,2026-08-25,untranslated,true
built-in-finals-final-0146,built-in-finals,Finals Pack,built-in-finals-final-set-0146,final,final,0,medium,mythology-religion-philosophy,Virtue as the Highest Good,,"Zeno of Citium founded this Hellenistic philosophy, which teaches that virtue is sufficient for flourishing.",,Stoicism,,Stoic philosophy,,Stoicism is a Hellenistic school founded by Zeno of Citium.,,Stoicism — Wikipedia permanent revision 1370300298,https://en.wikipedia.org/w/index.php?title=Stoicism&oldid=1370300298,CC-BY-SA-4.0,2026-08-25,untranslated,true
built-in-finals-final-0147,built-in-finals,Finals Pack,built-in-finals-final-set-0147,final,final,0,hard,mythology-religion-philosophy,Maya Hero Twins,,This text preserves Kʼicheʼ Maya creation narratives and the adventures of the Hero Twins.,,The Popol Vuh,,Popol Wuj;Book of Council,,The Popol Vuh is a foundational Kʼicheʼ Maya narrative.,,Popol Vuh — Wikipedia permanent revision 1369543867,https://en.wikipedia.org/w/index.php?title=Popol_Vuh&oldid=1369543867,CC-BY-SA-4.0,2026-08-25,untranslated,true
built-in-finals-final-0148,built-in-finals,Finals Pack,built-in-finals-final-set-0148,final,final,0,hard,mythology-religion-philosophy,Scriptures of Zoroastrianism,,The Gathas attributed to Zarathustra form the oldest part of this sacred textual collection.,,The Avesta,,Zend-Avesta,,The Avesta is the primary collection of Zoroastrian religious texts.,,Avesta — Wikipedia permanent revision 1370657391,https://en.wikipedia.org/w/index.php?title=Avesta&oldid=1370657391,CC-BY-SA-4.0,2026-08-25,untranslated,true
built-in-finals-final-0149,built-in-finals,Finals Pack,built-in-finals-final-set-0149,final,final,0,hard,mythology-religion-philosophy,Act Only on a Universal Rule,,Kant’s moral principle asks whether the maxim of an action could become a universal law.,,The categorical imperative,,Categorical Imperative,,Kant’s categorical imperative requires moral maxims fit for universal law.,,Categorical imperative — Wikipedia permanent revision 1369559848,https://en.wikipedia.org/w/index.php?title=Categorical_imperative&oldid=1369559848,CC-BY-SA-4.0,2026-08-25,untranslated,true
built-in-finals-final-0150,built-in-finals,Finals Pack,built-in-finals-final-set-0150,final,final,0,hard,mythology-religion-philosophy,A Ship Rebuilt Plank by Plank,,This identity paradox asks whether an object remains the same after every component is replaced.,,The Ship of Theseus,,Theseus paradox,,The Ship of Theseus is a paradox about identity through complete replacement.,,Ship of Theseus — Wikipedia permanent revision 1369781849,https://en.wikipedia.org/w/index.php?title=Ship_of_Theseus&oldid=1369781849,CC-BY-SA-4.0,2026-08-25,untranslated,true
built-in-adult-final-0001,built-in-adult,Adult (Mature) / Täiskasvanutele,built-in-adult-final-set-0001,final,final,0,easy,adult,Kinsey's Two Reports,,This Indiana University zoologist led the research behind two reports on human sexual behavior published in 1948 and 1953.,,Alfred Kinsey,,Kinsey,,Alfred Kinsey led the research associated with the Kinsey Reports of 1948 and 1953.,,Kinsey Reports — Wikipedia permanent revision 1371492438,https://en.wikipedia.org/w/index.php?title=Kinsey_Reports&oldid=1371492438,CC-BY-SA-4.0,2026-08-27,untranslated,true
built-in-adult-final-0002,built-in-adult,Adult (Mature) / Täiskasvanutele,built-in-adult-final-set-0002,final,final,0,easy,adult,An Uprising on Christopher Street,,"A police raid at this Greenwich Village inn on June 28, 1969, prompted demonstrations that became a landmark in LGBTQ rights history.",,The Stonewall Inn,,Stonewall,,"The June 28, 1969, raid on the Stonewall Inn prompted the Stonewall uprising.",,Stonewall riots — Wikipedia permanent revision 1370935939,https://en.wikipedia.org/w/index.php?title=Stonewall_riots&oldid=1370935939,CC-BY-SA-4.0,2026-08-27,untranslated,true
built-in-adult-final-0003,built-in-adult,Adult (Mature) / Täiskasvanutele,built-in-adult-final-set-0003,final,final,0,easy,adult,A Publisher in the Dock,,"In 1960, an unexpurgated edition of this D. H. Lawrence novel was the subject of a British obscenity trial that Penguin Books won.",,Lady Chatterley's Lover,,Lady Chatterley,,Penguin Books won the 1960 British obscenity case over Lady Chatterley's Lover.,,Lady Chatterley's Lover — Wikipedia permanent revision 1370151934,https://en.wikipedia.org/w/index.php?title=Lady_Chatterley%27s_Lover&oldid=1370151934,CC-BY-SA-4.0,2026-08-27,untranslated,true
built-in-adult-final-0004,built-in-adult,Adult (Mature) / Täiskasvanutele,built-in-adult-final-set-0004,final,final,0,easy,adult,Approved for Contraception,,Combined oral contraceptive pills were first approved for contraceptive use in the United States in this year.,,1960,,,,The United States first approved combined oral contraceptive pills for contraceptive use in 1960.,,Combined oral contraceptive pill — Wikipedia permanent revision 1369910395,https://en.wikipedia.org/w/index.php?title=Combined_oral_contraceptive_pill&oldid=1369910395,CC-BY-SA-4.0,2026-08-27,untranslated,true
built-in-adult-final-0005,built-in-adult,Adult (Mature) / Täiskasvanutele,built-in-adult-final-set-0005,final,final,0,medium,adult,Ellis's 1897 Study,,This English physician co-wrote an 1897 medical textbook in English on homosexuality and later published Studies in the Psychology of Sex.,,Havelock Ellis,,Henry Havelock Ellis,,Havelock Ellis co-wrote the 1897 medical text and became a prominent early researcher of human sexuality.,,Havelock Ellis — Wikipedia permanent revision 1365634561,https://en.wikipedia.org/w/index.php?title=Havelock_Ellis&oldid=1365634561,CC-BY-SA-4.0,2026-08-27,untranslated,true
built-in-adult-final-0006,built-in-adult,Adult (Mature) / Täiskasvanutele,built-in-adult-final-set-0006,final,final,0,medium,adult,Mail and Morality,,This 1873 United States federal law criminalized sending obscene matter through the post.,,The Comstock Act,,Comstock Act of 1873,,The Comstock Act of 1873 restricted the mailing of material defined as obscene.,,Comstock Act of 1873 — Wikipedia permanent revision 1367376129,https://en.wikipedia.org/w/index.php?title=Comstock_Act_of_1873&oldid=1367376129,CC-BY-SA-4.0,2026-08-27,untranslated,true
built-in-adult-final-0007,built-in-adult,Adult (Mature) / Täiskasvanutele,built-in-adult-final-set-0007,final,final,0,medium,adult,A Red Windmill in Paris,,Charles Zidler and Joseph Oller co-founded this Paris cabaret in 1889.,,The Moulin Rouge,,Moulin Rouge,,Charles Zidler and Joseph Oller co-founded the Moulin Rouge in Paris in 1889.,,Moulin Rouge — Wikipedia permanent revision 1367400599,https://en.wikipedia.org/w/index.php?title=Moulin_Rouge&oldid=1367400599,CC-BY-SA-4.0,2026-08-27,untranslated,true
built-in-adult-final-0008,built-in-adult,Adult (Mature) / Täiskasvanutele,built-in-adult-final-set-0008,final,final,0,medium,adult,A Novel Judged Obscene,,British author Radclyffe Hall published this lesbian novel in 1928; a British court later judged it obscene.,,The Well of Loneliness,,,,Radclyffe Hall's 1928 novel The Well of Loneliness became the subject of a British obscenity ruling.,,The Well of Loneliness — Wikipedia permanent revision 1365426631,https://en.wikipedia.org/w/index.php?title=The_Well_of_Loneliness&oldid=1365426631,CC-BY-SA-4.0,2026-08-27,untranslated,true
built-in-adult-final-0009,built-in-adult,Adult (Mature) / Täiskasvanutele,built-in-adult-final-set-0009,final,final,0,hard,adult,Berlin Sexology Pioneer,,This German physician and sexologist founded both the Scientific-Humanitarian Committee and the World League for Sexual Reform.,,Magnus Hirschfeld,,,,Magnus Hirschfeld founded the Scientific-Humanitarian Committee and the World League for Sexual Reform.,,Magnus Hirschfeld — Wikipedia permanent revision 1369436552,https://en.wikipedia.org/w/index.php?title=Magnus_Hirschfeld&oldid=1369436552,CC-BY-SA-4.0,2026-08-27,untranslated,true
built-in-adult-final-0010,built-in-adult,Adult (Mature) / Täiskasvanutele,built-in-adult-final-set-0010,final,final,0,hard,adult,The Salon of 1865,,This one-word title belongs to Édouard Manet's 1863 painting that caused controversy when exhibited at the 1865 Paris Salon.,,Olympia,,,,Édouard Manet's Olympia caused controversy when it was exhibited at the 1865 Paris Salon.,,Olympia (Manet) — Wikipedia permanent revision 1361580203,https://en.wikipedia.org/w/index.php?title=Olympia_(Manet)&oldid=1361580203,CC-BY-SA-4.0,2026-08-27,untranslated,true
built-in-adult-final-0011,built-in-adult,Adult (Mature) / Täiskasvanutele,built-in-adult-final-set-0011,final,final,0,hard,adult,A Committee Named for Its Chair,,"Published in the United Kingdom on September 4, 1957, this report on homosexual offences and prostitution took its common name from committee chair Sir John _____.",,The Wolfenden report,,Wolfenden,,"The Wolfenden report was named for Sir John Wolfenden, chair of the committee that produced it.",,Wolfenden report — Wikipedia permanent revision 1341227676,https://en.wikipedia.org/w/index.php?title=Wolfenden_report&oldid=1341227676,CC-BY-SA-4.0,2026-08-27,untranslated,true
built-in-adult-final-0012,built-in-adult,Adult (Mature) / Täiskasvanutele,built-in-adult-final-set-0012,final,final,0,hard,adult,Folk Devils and Social Fear,,Stanley Cohen developed this sociological term for widespread fear that a person or thing threatens a community’s values.,,A moral panic,,moral panic,,Stanley Cohen developed the term moral panic for a perceived threat to societal values and interests.,,Moral panic — Wikipedia permanent revision 1371531550,https://en.wikipedia.org/w/index.php?title=Moral_panic&oldid=1371531550,CC-BY-SA-4.0,2026-08-27,untranslated,true
built-in-estonia-final-0001,built-in-estonia,Estonia / Eesti,built-in-estonia-final-set-0001,final,final,0,easy,estonia,A Capital by the Gulf,,This Estonian capital stands on the shore of the Gulf of Finland.,,Tallinn,,,,Tallinn is the capital of Estonia and lies on the shore of the Gulf of Finland.,,Tallinn — Wikipedia permanent revision 1371216176,https://en.wikipedia.org/w/index.php?title=Tallinn&oldid=1371216176,CC-BY-SA-4.0,2026-08-27,untranslated,true
built-in-estonia-final-0002,built-in-estonia,Estonia / Eesti,built-in-estonia-final-set-0002,final,final,0,easy,estonia,A Republic Proclaimed,,The Manifesto to the Peoples of Estonia established the independent democratic Republic of Estonia on this date.,,"February 24, 1918",,24 February 1918,,"The Estonian Declaration of Independence established the Republic of Estonia on February 24, 1918.",,Estonian Declaration of Independence — Wikipedia permanent revision 1354083674,https://en.wikipedia.org/w/index.php?title=Estonian_Declaration_of_Independence&oldid=1354083674,CC-BY-SA-4.0,2026-08-27,untranslated,true
built-in-estonia-final-0003,built-in-estonia,Estonia / Eesti,built-in-estonia-final-set-0003,final,final,0,easy,estonia,Singing Since 1869,,"Held since 1869, this large Estonian choral event is commonly called Laulupidu.",,The Estonian Song Festival,,Estonian Song Celebration,,"The Estonian Song Festival, or Laulupidu, has been held since 1869.",,Estonian Song Festival — Wikipedia permanent revision 1362408824,https://en.wikipedia.org/w/index.php?title=Estonian_Song_Festival&oldid=1362408824,CC-BY-SA-4.0,2026-08-27,untranslated,true
built-in-estonia-final-0004,built-in-estonia,Estonia / Eesti,built-in-estonia-final-set-0004,final,final,0,easy,estonia,Estonia's Largest Island,,"Measuring 2,673 square kilometres and with its administrative centre at Kuressaare, this Estonian island is which one?",,Saaremaa,,,,"Saaremaa measures 2,673 square kilometres, and its administrative centre is Kuressaare.",,Saaremaa — Wikipedia permanent revision 1365844908,https://en.wikipedia.org/w/index.php?title=Saaremaa&oldid=1365844908,CC-BY-SA-4.0,2026-08-27,untranslated,true
built-in-estonia-final-0005,built-in-estonia,Estonia / Eesti,built-in-estonia-final-set-0005,final,final,0,medium,estonia,The Son of Kalev,,Friedrich Reinhold Kreutzwald wrote this 19th-century epic poem considered the Estonian national epic.,,Kalevipoeg,,,,Kreutzwald’s 19th-century poem Kalevipoeg is considered the Estonian national epic.,,Kalevipoeg — Wikipedia permanent revision 1358231115,https://en.wikipedia.org/w/index.php?title=Kalevipoeg&oldid=1358231115,CC-BY-SA-4.0,2026-08-27,untranslated,true
built-in-estonia-final-0006,built-in-estonia,Estonia / Eesti,built-in-estonia-final-set-0006,final,final,0,medium,estonia,Four Estonian Developers,,"Niklas Zennström, Janus Friis, and four Estonian developers created this telecommunications application, first released on August 29, 2003.",,Skype,,,,"Skype was created with four Estonian developers and first released on August 29, 2003.",,Skype — Wikipedia permanent revision 1367686665,https://en.wikipedia.org/w/index.php?title=Skype&oldid=1367686665,CC-BY-SA-4.0,2026-08-27,untranslated,true
built-in-estonia-final-0007,built-in-estonia,Estonia / Eesti,built-in-estonia-final-set-0007,final,final,0,medium,estonia,At 23:02 on August 20,,"At 23:02 local time on August 20, 1991, Estonia’s Supreme Council proclaimed the full restoration of this.",,Estonian independence,,the independence of Estonia,,"The Supreme Council proclaimed the full restoration of Estonian independence on August 20, 1991.",,Estonian Restoration of Independence — Wikipedia permanent revision 1331554284,https://en.wikipedia.org/w/index.php?title=Estonian_Restoration_of_Independence&oldid=1331554284,CC-BY-SA-4.0,2026-08-27,untranslated,true
built-in-estonia-final-0008,built-in-estonia,Estonia / Eesti,built-in-estonia-final-set-0008,final,final,0,medium,estonia,First in the Soviet Union,,This northern Estonian park was the first area designated a national park in the former Soviet Union.,,Lahemaa National Park,,Lahemaa,,Lahemaa was the first area designated a national park in the former Soviet Union.,,Lahemaa National Park — Wikipedia permanent revision 1362783548,https://en.wikipedia.org/w/index.php?title=Lahemaa_National_Park&oldid=1362783548,CC-BY-SA-4.0,2026-08-27,untranslated,true
built-in-estonia-final-0009,built-in-estonia,Estonia / Eesti,built-in-estonia-final-set-0009,final,final,0,hard,estonia,An Academy Founded in 1632,,King Gustavus Adolphus of Sweden founded this Estonian university in 1632.,,The University of Tartu,,Tartu University,,Gustavus Adolphus founded the University of Tartu in 1632.,,University of Tartu — Wikipedia permanent revision 1361397408,https://en.wikipedia.org/w/index.php?title=University_of_Tartu&oldid=1361397408,CC-BY-SA-4.0,2026-08-27,untranslated,true
built-in-estonia-final-0010,built-in-estonia,Estonia / Eesti,built-in-estonia-final-set-0010,final,final,0,hard,estonia,A Brief Instruction,,"Edited by Peter Ernst Wilde and printed in 1766–1767, this was the first periodical publication in Estonian.",,Lühhike öppetus,,Lühike õpetus,,"Lühhike öppetus, edited by Peter Ernst Wilde, was the first periodical publication in Estonian.",,Lühhike öppetus — Wikipedia permanent revision 1358131591,https://en.wikipedia.org/w/index.php?title=L%C3%BChhike_%C3%B6ppetus&oldid=1358131591,CC-BY-SA-4.0,2026-08-27,untranslated,true
built-in-estonia-final-0011,built-in-estonia,Estonia / Eesti,built-in-estonia-final-set-0011,final,final,0,hard,estonia,The Czar's Madman,,The 1978 novel Keisri hull was written by this Estonian author.,,Jaan Kross,,,,"Estonian writer Jaan Kross wrote the 1978 novel The Czar’s Madman, titled Keisri hull in Estonian.",,The Czar's Madman — Wikipedia permanent revision 1304567808,https://en.wikipedia.org/w/index.php?title=The_Czar%27s_Madman&oldid=1304567808,CC-BY-SA-4.0,2026-08-27,untranslated,true
built-in-estonia-final-0012,built-in-estonia,Estonia / Eesti,built-in-estonia-final-set-0012,final,final,0,hard,estonia,Virtual Residency,,"Estonia launched this digital identity program for non-Estonians on December 1, 2014.",,e-Residency,,Estonian e-Residency,,"Estonia launched its e-Residency program on December 1, 2014.",,E-Residency of Estonia — Wikipedia permanent revision 1369007253,https://en.wikipedia.org/w/index.php?title=E-Residency_of_Estonia&oldid=1369007253,CC-BY-SA-4.0,2026-08-27,untranslated,true
